model,S,K,compression_ratio,seed,val_ppl_5M,val_ppl_10M,val_ppl_20M,val_ppl_30M,val_ppl_40M,val_ppl_50M,test_ppl,val_penalty_vs_SEQ24,test_penalty_vs_SEQ24
SEQ24,24,1,1x,42,317.53509886616047,199.61110191032165,128.21707552180024,98.70276599894403,84.65513515604496,78.9274,77.8811,0.0,0.0
SEQ24,24,1,1x,123,322.0332706687244,203.49249743512286,130.14435550643717,100.18620802784976,86.20042125130107,80.2377,78.8971,0.0,0.0
SEQ24,24,1,1x,2026,322.66667222232496,200.9888325795603,128.21003406931135,98.8071269093424,84.79755455263388,79.1101,77.5925,0.0,0.0
PAR24_2,12,2,2x,42,306.0049145467254,193.66160185977026,124.20144628561789,95.7600653472631,82.37509903096301,76.9828,76.0645,-2.46,-2.33
PAR24_2,12,2,2x,123,308.20442868909885,195.60329349937388,125.27046299865444,97.16210926815197,83.59476825753639,78.1204,76.6382,-2.64,-2.86
PAR24_2,12,2,2x,2026,309.8462183759737,194.13286164379926,124.0066815707242,95.89839303750212,82.36032144169276,77.0761,75.5971,-2.57,-2.57
PAR24_3,8,3,3x,42,300.59558315670023,190.5910091709601,122.85751702265311,94.91099163662797,81.75823289241947,76.5182,75.5229,-3.05,-3.03
PAR24_3,8,3,3x,123,300.65366458408266,192.67534639199536,124.08945709762209,96.26591914247636,82.76321807242107,77.603,75.7627,-3.28,-3.97
PAR24_3,8,3,3x,2026,302.83102807519595,191.1558170436951,122.8154938169179,95.81370005697705,82.52097465700416,77.2487,75.8174,-2.35,-2.29
SP24_S6K4,6,4,4x,42,299.00742595776677,190.64175926322753,123.23760902743783,95.97098498713794,82.80738479582145,77.7157,76.5891,-1.54,-1.66
SP24_S6K4,6,4,4x,123,298.5476418908483,191.53689886408318,123.70422936728556,96.43615219284145,83.34999456001661,78.2651,76.6667,-2.46,-2.83
SP24_S6K4,6,4,4x,2026,299.39344781492775,190.46805975668659,122.58103257123543,96.59853415116164,83.35965002141492,78.0862,76.5707,-1.29,-1.32
SP24_S4K6,4,6,6x,42,297.29240743780264,191.99529109423145,124.14692788117203,97.15158702221395,84.6428423658791,79.6473,78.5275,0.91,0.83
SP24_S4K6,4,6,6x,123,295.43514435172415,191.37725560258707,123.82367327494403,97.40812360136226,84.76599210545895,79.5558,77.9431,-0.85,-1.21
SP24_S4K6,4,6,6x,2026,297.6651970595886,190.7301008231947,123.18453869143136,97.45161775124384,84.68971630783146,79.7107,78.368,0.76,1.0
SP24_S3K8,3,8,8x,42,294.5873655636986,191.12403105567006,125.10507731075145,98.484132038806,86.16675270590048,81.1037,79.6213,2.76,2.23
SP24_S3K8,3,8,8x,123,292.0183080876942,190.2699251616113,125.13607925059962,98.9793251238117,86.39992492357314,81.2572,79.739,1.27,1.07
SP24_S3K8,3,8,8x,2026,296.5529512029053,190.91104192297476,124.15778080473005,98.27048073178335,85.99197547739462,81.0284,79.4236,2.42,2.36
SP24_S2K12,2,12,12x,42,296.61243314790084,198.21758692832205,134.35153901067557,107.63958508769652,96.01072653153842,91.5796,90.7438,16.03,16.52
SP24_S2K12,2,12,12x,123,294.2644120889604,196.8065576332806,132.25367718994102,107.77436439041277,95.69582226757308,91.1623,89.9034,13.62,13.95
SP24_S2K12,2,12,12x,2026,298.35705965681575,195.7932666282973,131.13913698414368,106.54919779857819,95.28304090707438,90.632,89.0586,14.56,14.78
SP24_S1K24,1,24,24x,42,320.148271496615,211.248232694887,141.83408006367935,114.94637973056972,102.07023295508019,97.0658,95.7679,22.98,22.97
SP24_S1K24,1,24,24x,123,316.77269580642104,209.55279697995906,141.95140203126155,115.42489343877003,102.5102227500244,97.4369,96.0904,21.44,21.79
SP24_S1K24,1,24,24x,2026,321.92118557760193,211.5736175400686,141.27852774136818,114.16073999722421,102.28915661128751,97.1173,95.4053,22.76,22.96
