step,tokens_processed,train_loss,val_loss,val_perplexity,lr,grad_norm,tokens_per_second,peak_vram_mb,gpu_temp_c,gpu_util_pct,parameter_count,non_emb_params
200,1638400,6.4178,6.3588,577.57,0.0003,0.5004,62802.1,9984.0,78.0,97.0,61920000,61821696
400,3276800,6.1013,5.9448,381.75,0.000299,0.4954,62210.5,9984.0,79.0,96.0,61920000,61821696
600,4915200,5.7328,5.708,301.28,0.000296,0.4994,62134.5,9984.0,79.0,96.0,61920000,61821696
611,5005312,5.7853,5.6924,296.61,0.000296,0.5461,60518.3,9984.0,79.0,95.0,61920000,61821696
800,6553600,5.4975,5.5362,253.71,0.000292,0.5808,60811.1,9984.0,80.0,97.0,61920000,61821696
1000,8192000,5.3887,5.4003,221.47,0.000286,0.5602,61066.8,9984.0,80.0,96.0,61920000,61821696
1200,9830400,5.3676,5.2961,199.57,0.000279,0.564,61212.2,9984.0,80.0,97.0,61920000,61821696
1221,10002432,5.473,5.2894,198.22,0.000278,0.7068,60461.0,9984.0,80.0,97.0,61920000,61821696
1400,11468800,5.2804,5.1995,181.18,0.000271,0.582,60567.8,9984.0,80.0,96.0,61920000,61821696
1600,13107200,5.248,5.1236,167.94,0.000261,0.5924,60695.4,9984.0,81.0,95.0,61920000,61821696
1800,14745600,5.1084,5.06,157.6,0.000251,0.5764,60791.3,9984.0,81.0,97.0,61920000,61821696
2000,16384000,5.1537,5.001,148.56,0.00024,0.6294,60905.3,9984.0,80.0,96.0,61920000,61821696
2200,18022400,4.9884,4.9434,140.25,0.000227,0.6227,60919.6,9984.0,79.0,96.0,61920000,61821696
2400,19660800,5.0796,4.9039,134.81,0.000214,0.6358,60982.2,9984.0,80.0,97.0,61920000,61821696
2442,20004864,4.9423,4.9005,134.35,0.000212,0.6592,60661.7,9984.0,79.0,96.0,61920000,61821696
2600,21299200,5.0295,4.8569,128.63,0.000201,0.6549,60650.7,9984.0,79.0,96.0,61920000,61821696
2800,22937600,5.0084,4.817,123.59,0.000187,0.6731,60724.7,9984.0,79.0,97.0,61920000,61821696
3000,24576000,4.9112,4.7845,119.65,0.000173,0.6564,60762.2,9984.0,79.0,97.0,61920000,61821696
3200,26214400,4.6635,4.7525,115.87,0.000159,0.6466,60820.6,9984.0,79.0,95.0,61920000,61821696
3400,27852800,4.7399,4.7168,111.81,0.000145,0.7163,60866.6,9984.0,79.0,96.0,61920000,61821696
3600,29491200,4.7391,4.6853,108.34,0.000131,0.7158,60912.1,9984.0,79.0,96.0,61920000,61821696
3663,30007296,4.797,4.6788,107.64,0.000127,0.7217,60729.0,9984.0,79.0,97.0,61920000,61821696
3800,31129600,4.9081,4.668,106.48,0.000117,0.7133,60684.3,9984.0,79.0,96.0,61920000,61821696
4000,32768000,4.7985,4.6433,103.89,0.000104,0.7705,60740.9,9984.0,79.0,96.0,61920000,61821696
4200,34406400,4.3787,4.6257,102.07,9.2e-05,0.7749,60790.2,9984.0,79.0,95.0,61920000,61821696
4400,36044800,4.6613,4.6039,99.87,8.1e-05,0.7707,60800.5,9984.0,78.0,93.0,61920000,61821696
4600,37683200,4.6453,4.5861,98.11,7e-05,0.723,60849.7,9984.0,80.0,96.0,61920000,61821696
4800,39321600,4.6927,4.5708,96.62,6e-05,0.7979,60899.1,9984.0,80.0,97.0,61920000,61821696
4883,40001536,4.8036,4.5645,96.01,5.7e-05,0.8049,60784.9,9984.0,80.0,95.0,61920000,61821696
5000,40960000,4.7943,4.56,95.59,5.2e-05,0.754,60731.0,9984.0,80.0,95.0,61920000,61821696
5200,42598400,4.6724,4.5495,94.59,4.5e-05,0.7944,60778.6,9984.0,80.0,96.0,61920000,61821696
5400,44236800,4.773,4.5376,93.46,3.9e-05,0.7623,60820.5,9984.0,80.0,96.0,61920000,61821696
5600,45875200,4.5391,4.5303,92.79,3.5e-05,0.8295,60856.3,9984.0,81.0,96.0,61920000,61821696
5800,47513600,4.6538,4.5235,92.16,3.2e-05,0.8106,60893.0,9984.0,80.0,95.0,61920000,61821696
6000,49152000,4.7591,4.5167,91.53,3e-05,0.8062,60924.4,9984.0,80.0,97.0,61920000,61821696
6104,50003968,4.6618,4.5172,91.58,3e-05,0.815,60855.0,9984.0,80.0,97.0,61920000,61821696
