model,S,K,seed,PPL_20M,PPL_50M,PPL_75M,PPL_100M,penalty_20M,penalty_50M,penalty_75M,penalty_100M,delta_penalty_50_to_100
SEQ24,24,1,42,126.4421,67.0567,55.5278,51.077,0.0,0.0,0.0,0.0,0.0
SEQ24,24,1,123,126.7808,67.4868,55.2719,51.1003,0.0,0.0,0.0,0.0,0.0
SEQ24,24,1,2026,125.5744,67.6837,55.4919,51.4122,0.0,0.0,0.0,0.0,0.0
PAR24_3,8,3,42,122.2613,65.9602,55.1084,50.7641,-3.31,-1.64,-0.76,-0.61,1.02
PAR24_3,8,3,123,122.8945,67.0008,55.2857,51.1766,-3.07,-0.72,0.02,0.15,0.87
PAR24_3,8,3,2026,120.9956,66.7533,55.037,50.9851,-3.65,-1.37,-0.82,-0.83,0.54
SP24_S4K6,4,6,42,123.3492,68.4163,57.3476,52.7878,-2.45,2.03,3.28,3.35,1.32
SP24_S4K6,4,6,123,123.15,68.9379,56.8375,52.7603,-2.86,2.15,2.83,3.25,1.1
SP24_S4K6,4,6,2026,122.5924,69.0411,56.9907,52.6594,-2.37,2.01,2.7,2.43,0.42
